{
  "metadata": {
    "task": "SOH_prediction",
    "timestamp": "2025-11-19T08:30:43.762179",
    "framework_version": "1.0.0"
  },
  "data_info": {
    "n_samples": 50,
    "n_features": 4,
    "feature_names": [
      "cycle_number",
      "voltage",
      "current",
      "temperature"
    ],
    "target_name": "SOH",
    "data_source": "simulated_battery_cycling",
    "soh_range": [
      77.59688544492515,
      100.0
    ],
    "cycle_range": [
      1,
      500
    ]
  },
  "predictions": {
    "true_values": [
      87.9361402058671,
      81.25096306052303,
      83.18673070200825,
      84.01771451478565,
      79.85180875007563,
      81.1174164616601,
      81.65296750573744,
      80.98217321472487,
      83.25225407477593,
      79.79596197046912,
      80.2847112494571,
      79.54217883933393,
      79.74749655297735,
      79.99368356709873,
      77.59688544492515
    ],
    "predicted_values": [
      87.70576031701373,
      81.69216585850218,
      83.2708934835102,
      84.01648240019449,
      80.22460731006703,
      81.49528947005483,
      82.16950540312922,
      81.73946963549405,
      83.6593817312256,
      80.57436663292438,
      80.74246973105406,
      80.15250103719974,
      80.72548599852564,
      80.4321968673939,
      78.34004631542516
    ],
    "residuals": [
      0.23037988885337768,
      -0.44120279797914463,
      -0.08416278150195922,
      0.0012321145911613485,
      -0.372798559991395,
      -0.3778730083947295,
      -0.5165378973917854,
      -0.7572964207691797,
      -0.40712765644966,
      -0.7784046624552587,
      -0.4577584815969544,
      -0.6103221978658127,
      -0.9779894455482889,
      -0.43851330029517044,
      -0.7431608705000059
    ]
  },
  "metrics": {
    "MSE": 0.29544292324185556,
    "RMSE": 0.5435466155187203,
    "MAE": 0.47965067227892555,
    "R2": 0.9480665441634779,
    "MAPE": 0.5961549596365217,
    "Max_Error": 0.9779894455482889
  },
  "statistical_summary": {
    "true_mean": 81.34727240762795,
    "true_std": 2.3851362025703864,
    "pred_mean": 81.79604147944761,
    "pred_std": 2.136499858365601
  }
}