{
    "model_info": {
        "model_type": "SimpleLSTM",
        "model_version": "baseline_v1.0",
        "architecture": {
            "input_size": 5,
            "hidden_size": 32,
            "num_layers": 2,
            "output_size": 1,
            "dropout": 0.2
        },
        "total_parameters": 13473,
        "input_features": [
            "cycle_number",
            "voltage_v",
            "current_A",
            "temperature",
            "capacity_ah"
        ],
        "sequence_length": 10
    },
    "training_configuration": {
        "num_epochs": 35,
        "batch_size": 4,
        "learning_rate": 0.001,
        "weight_decay": 1e-05,
        "optimizer": "Adam",
        "loss_function": "MSE"
    },
    "training_history": {
        "train_loss": [
            0.7925686091184616,
            0.5827042609453201,
            0.38133523613214493,
            0.18686039000749588,
            0.07208182150498033,
            0.009538314629935485,
            0.014245013939216733,
            0.023582618683576584,
            0.013151439605280757,
            0.007071672051097266,
            0.0016620040696579963,
            0.0023725002611172386,
            0.004418906522914767,
            0.0018547339568613097,
            0.0028889664099551737,
            0.0007701284921495244,
            0.0014667489303974435,
            0.002172053325921297,
            0.0015009266899141949,
            0.0016412030381616205,
            0.0013397877919487655,
            0.0019166439305990934,
            0.0005799336036034219,
            0.0017920474565471523,
            0.0015936655108816922,
            0.0012155377626186237,
            0.0010679240876925178,
            0.0005505859594885365,
            0.0013508685224223882,
            0.0008824066026136279,
            0.0009935958660207689,
            0.0009903954141918803,
            0.0007091522275004536,
            0.0009213460798491724,
            0.0010927391485893168
        ],
        "val_loss": [
            0.6538301706314087,
            0.44854140281677246,
            0.25952690839767456,
            0.10652884840965271,
            0.01663486659526825,
            0.003354544285684824,
            0.025963207706809044,
            0.024104729294776917,
            0.010593676939606667,
            0.0015465023461729288,
            4.0047070797299966e-05,
            0.0007565097766928375,
            0.0008696725126355886,
            0.0002792915911413729,
            1.3281794963404536e-05,
            0.0004599062376655638,
            0.0010189177701249719,
            0.000902764149941504,
            0.00037490855902433395,
            4.8945541493594646e-05,
            1.6924346709856763e-05,
            2.3310522010433488e-05,
            3.907018617610447e-05,
            0.00036989850923419,
            0.0007474301964975893,
            0.00044081377563998103,
            0.00030881998827680945,
            0.0003285818384028971,
            0.00040153207373805344,
            0.0003919075825251639,
            0.00021048843336757272,
            0.00010567886783974245,
            4.9950565880862996e-05,
            2.8792568627977744e-05,
            4.0295090002473444e-05
        ],
        "epochs": [
            1,
            2,
            3,
            4,
            5,
            6,
            7,
            8,
            9,
            10,
            11,
            12,
            13,
            14,
            15,
            16,
            17,
            18,
            19,
            20,
            21,
            22,
            23,
            24,
            25,
            26,
            27,
            28,
            29,
            30,
            31,
            32,
            33,
            34,
            35
        ]
    },
    "dataset_info": {
        "data_source": "../data/cycles_example.csv",
        "total_sequences": 19,
        "train_samples": 13,
        "val_samples": 2,
        "test_samples": 4
    },
    "test_results": {
        "soh_true": [
            100.0,
            100.0,
            99.10078430175781,
            99.63078308105469
        ],
        "soh_predicted": [
            99.69721221923828,
            99.65670776367188,
            99.59546661376953,
            99.51797485351562
        ],
        "sample_indices": [
            0,
            1,
            2,
            3
        ]
    },
    "evaluation_metrics": {
        "mae": 0.00313393771648407,
        "rmse": 0.003416749881580472,
        "r2_score": 0.1395227313041687,
        "mape": 0.3146204398944974,
        "max_error": 0.0049468278884887695,
        "accuracy_within_3_percent": 100.0,
        "accuracy_within_5_percent": 100.0,
        "mean_error": 0.0006605237722396851,
        "std_error": 0.0033522958401590586
    },
    "metadata": {
        "timestamp": "2025-11-20 08:16:16",
        "pytorch_version": "1.10.2+cu113",
        "device": "cuda",
        "seed": 42
    }
}